id,title,score,upvote_ratio,num_comments,author,url,permalink,subreddit,created_utc,is_self,flair
post_0,Python 3.14 introduces new performance improvements,4507,0.93,663,AIfan,https://reddit.com/post0,https://reddit.com/r/technology/post0,technology,1782367834,False,Discussion
post_1,Students build impressive automation project,5533,0.94,21,student_dev,https://reddit.com/post1,https://reddit.com/r/technology/post1,technology,1782367834,False,Discussion
post_2,AI startup raises $50M funding,943,0.89,249,techguru,https://reddit.com/post2,https://reddit.com/r/technology/post2,technology,1782367834,False,Discussion
post_3,Python package reaches one million downloads,7301,0.95,634,AIfan,https://reddit.com/post3,https://reddit.com/r/technology/post3,technology,1782367834,False,Discussion
post_4,AI startup raises $50M funding,4427,0.99,9,opensource_user,https://reddit.com/post4,https://reddit.com/r/technology/post4,technology,1782367834,False,Discussion
post_5,New data science tools gain popularity,1530,0.89,750,opensource_user,https://reddit.com/post5,https://reddit.com/r/technology/post5,technology,1782367834,False,Discussion
post_6,Developers debate Rust vs Python,6144,0.93,669,pythonlover,https://reddit.com/post6,https://reddit.com/r/technology/post6,technology,1782367834,False,Discussion
post_7,Major software update receives mixed reactions,3282,0.82,455,student_dev,https://reddit.com/post7,https://reddit.com/r/technology/post7,technology,1782367834,False,Discussion
post_8,Researchers publish breakthrough AI study,2256,0.91,676,opensource_user,https://reddit.com/post8,https://reddit.com/r/technology/post8,technology,1782367834,False,Discussion
post_9,Technology companies increase AI investments,8096,0.96,626,opensource_user,https://reddit.com/post9,https://reddit.com/r/technology/post9,technology,1782367834,False,Discussion
post_10,Cloud computing trends continue to grow,3564,0.92,62,opensource_user,https://reddit.com/post10,https://reddit.com/r/technology/post10,technology,1782367834,False,Discussion
post_11,Open source contributors celebrate milestone,6088,0.95,433,opensource_user,https://reddit.com/post11,https://reddit.com/r/technology/post11,technology,1782367834,False,Discussion
post_12,New data science tools gain popularity,2937,0.97,980,coder123,https://reddit.com/post12,https://reddit.com/r/technology/post12,technology,1782367834,False,Discussion
post_13,Students build impressive automation project,3359,0.79,783,pythonlover,https://reddit.com/post13,https://reddit.com/r/technology/post13,technology,1782367834,False,Discussion
post_14,AI startup raises $50M funding,8100,0.87,883,pythonlover,https://reddit.com/post14,https://reddit.com/r/technology/post14,technology,1782367834,False,Discussion
post_15,New data science tools gain popularity,8136,0.71,166,opensource_user,https://reddit.com/post15,https://reddit.com/r/technology/post15,technology,1782367834,False,Discussion
post_16,Reddit users discuss future of programming,3709,0.76,1000,AIfan,https://reddit.com/post16,https://reddit.com/r/technology/post16,technology,1782367834,False,Discussion
post_17,Tech industry hiring trends changing rapidly,3729,0.8,794,student_dev,https://reddit.com/post17,https://reddit.com/r/technology/post17,technology,1782367834,False,Discussion
post_18,Developers debate Rust vs Python,7591,0.79,729,student_dev,https://reddit.com/post18,https://reddit.com/r/technology/post18,technology,1782367834,False,Discussion
post_19,Tech industry hiring trends changing rapidly,8689,0.92,666,pythonlover,https://reddit.com/post19,https://reddit.com/r/technology/post19,technology,1782367834,False,Discussion
post_20,Python 3.14 introduces new performance improvements,4476,0.97,860,coder123,https://reddit.com/post20,https://reddit.com/r/technology/post20,technology,1782367834,False,Discussion
post_21,Python package reaches one million downloads,4059,0.76,300,opensource_user,https://reddit.com/post21,https://reddit.com/r/technology/post21,technology,1782367834,False,Discussion
post_22,Researchers publish breakthrough AI study,9085,0.75,459,coder123,https://reddit.com/post22,https://reddit.com/r/technology/post22,technology,1782367834,False,Discussion
post_23,Python package reaches one million downloads,4863,0.94,430,AIfan,https://reddit.com/post23,https://reddit.com/r/technology/post23,technology,1782367834,False,Discussion
post_24,Cybersecurity researchers discover vulnerability,9200,0.9,372,pythonlover,https://reddit.com/post24,https://reddit.com/r/technology/post24,technology,1782367834,False,Discussion
post_25,AI startup raises $50M funding,9143,0.78,25,coder123,https://reddit.com/post25,https://reddit.com/r/technology/post25,technology,1782367834,False,Discussion
post_26,AI startup raises $50M funding,4108,0.74,273,student_dev,https://reddit.com/post26,https://reddit.com/r/technology/post26,technology,1782367834,False,Discussion
post_27,Reddit users discuss future of programming,8902,0.81,772,opensource_user,https://reddit.com/post27,https://reddit.com/r/technology/post27,technology,1782367834,False,Discussion
post_28,Cybersecurity researchers discover vulnerability,2187,0.71,80,pythonlover,https://reddit.com/post28,https://reddit.com/r/technology/post28,technology,1782367834,False,Discussion
post_29,New machine learning library released,8731,0.86,475,opensource_user,https://reddit.com/post29,https://reddit.com/r/technology/post29,technology,1782367834,False,Discussion
post_30,Cloud computing trends continue to grow,9911,0.79,537,opensource_user,https://reddit.com/post30,https://reddit.com/r/technology/post30,technology,1782367834,False,Discussion
post_31,Students build impressive automation project,9575,0.88,365,techguru,https://reddit.com/post31,https://reddit.com/r/technology/post31,technology,1782367834,False,Discussion
post_32,Python package reaches one million downloads,9906,0.99,169,student_dev,https://reddit.com/post32,https://reddit.com/r/technology/post32,technology,1782367834,False,Discussion
post_33,Major software update receives mixed reactions,3492,0.71,175,opensource_user,https://reddit.com/post33,https://reddit.com/r/technology/post33,technology,1782367834,False,Discussion
post_34,Cloud computing trends continue to grow,7536,0.9,743,AIfan,https://reddit.com/post34,https://reddit.com/r/technology/post34,technology,1782367834,False,Discussion
post_35,Technology companies increase AI investments,5521,0.9,723,techguru,https://reddit.com/post35,https://reddit.com/r/technology/post35,technology,1782367834,False,Discussion
post_36,AI startup raises $50M funding,6093,0.72,603,AIfan,https://reddit.com/post36,https://reddit.com/r/technology/post36,technology,1782367834,False,Discussion
post_37,Python package reaches one million downloads,4333,0.71,94,student_dev,https://reddit.com/post37,https://reddit.com/r/technology/post37,technology,1782367834,False,Discussion
post_38,Developers debate Rust vs Python,7983,0.73,832,student_dev,https://reddit.com/post38,https://reddit.com/r/technology/post38,technology,1782367834,False,Discussion
post_39,Major software update receives mixed reactions,5074,0.83,561,pythonlover,https://reddit.com/post39,https://reddit.com/r/technology/post39,technology,1782367834,False,Discussion
post_40,New data science tools gain popularity,5653,0.97,208,opensource_user,https://reddit.com/post40,https://reddit.com/r/technology/post40,technology,1782367834,False,Discussion
post_41,Researchers publish breakthrough AI study,5998,0.84,981,pythonlover,https://reddit.com/post41,https://reddit.com/r/technology/post41,technology,1782367834,False,Discussion
post_42,Open source contributors celebrate milestone,8268,0.8,224,coder123,https://reddit.com/post42,https://reddit.com/r/technology/post42,technology,1782367834,False,Discussion
post_43,Developers debate Rust vs Python,9888,0.75,414,coder123,https://reddit.com/post43,https://reddit.com/r/technology/post43,technology,1782367834,False,Discussion
post_44,Students build impressive automation project,3825,0.71,475,techguru,https://reddit.com/post44,https://reddit.com/r/technology/post44,technology,1782367834,False,Discussion
post_45,Developers debate Rust vs Python,2327,0.88,454,student_dev,https://reddit.com/post45,https://reddit.com/r/technology/post45,technology,1782367834,False,Discussion
post_46,Cloud computing trends continue to grow,8812,0.74,829,AIfan,https://reddit.com/post46,https://reddit.com/r/technology/post46,technology,1782367834,False,Discussion
post_47,AI startup raises $50M funding,6967,0.93,521,pythonlover,https://reddit.com/post47,https://reddit.com/r/technology/post47,technology,1782367834,False,Discussion
post_48,Reddit users discuss future of programming,5849,0.73,472,AIfan,https://reddit.com/post48,https://reddit.com/r/technology/post48,technology,1782367834,False,Discussion
post_49,AI startup raises $50M funding,859,0.77,413,coder123,https://reddit.com/post49,https://reddit.com/r/technology/post49,technology,1782367834,False,Discussion
